,Body,Department,Priority,Tags
0,"Dear Customer Support Team,I am writing to report a significant problem with the centralized account management portal, which currently appears to be offline. This outage is blocking access to account settings, leading to substantial inconvenience. I have attempted to log in multiple times using different browsers and devices, but the issue persists.Could you please provide an update on the outage status and an estimated time for resolution? Also, are there any alternative ways to access and manage my account during this downtime?",Technical Support,high,"['Account', 'Disruption', 'Outage', 'IT', 'Tech Support']"
1,"Dear Customer Support Team,I hope this message reaches you well. I am reaching out to request detailed information about the capabilities of your smart home integration products listed on your website. As a potential customer aiming to develop a seamlessly interconnected home environment, it is essential to understand how your products interact with various smart home platforms.Could you kindly provide detailed compatibility information with popular smart home ecosystems such as Amazon Alexa, Google Assistant, and Apple?",Returns and Exchanges,medium,"['Product', 'Feature', 'Tech Support']"
2,"Dear Customer Support Team,I hope this message finds you well. I am reaching out to request clarification about the billing and payment procedures linked to my account. Recently, I observed some inconsistencies in the charges applied and would like to ensure I fully understand the billing cycle, accepted payment options, and any potential extra charges.Firstly, I would be grateful if you could provide a detailed explanation of how the billing cycle functions. Specifically, I am interested in knowing the start and end dates.Thank you for your assistance regarding these billing inquiries.",Billing and Payments,low,"['Billing', 'Payment', 'Account', 'Documentation', 'Feedback']"
3,"Dear Support Team,I hope this message reaches you well. I am reaching out to ask about the compatibility of your products with the specific needs of marketing agencies. Our company is considering adopting these solutions to streamline our current marketing processes and wants to confirm that the products are fully compatible with the tools and platforms we currently utilize.Could you please supply detailed information regarding the compatibility of your products with popular marketing software, CRM systems, email marketing applications, and analytics platforms? Additionally, I would appreciate any relevant case studies or documentation tailored to our use case.",Sales and Pre-Sales,medium,"['Product', 'Feature', 'Feedback', 'Tech Support']"
4,"Dear Customer Support,I hope this message reaches you in good health. I am eager to learn more about the features of one of your products. Would you be able to share comprehensive details about its functionalities, specifications, and any distinctive characteristics it may possess? Additionally, if there are user manuals, tutorials, or demonstration videos available, I would be grateful if you could provide those resources. Gaining a thorough understanding of the features will assist me in making an informed decision regarding the product.Thank you very much for your assistance. I look forward to your prompt reply.Best regards",Technical Support,high,"['Feature', 'Product', 'Documentation', 'Feedback']"
5,"Dear Customer Support Team,I am submitting a report regarding multiple system service disruptions that are currently interfering with project operations and client interactions. These interruptions have notably reduced efficiency and caused delays in meeting important deadlines.Initial assessments suggest that the primary issue may be linked to widespread failures in network hardware connectivity. We have already carried out several basic troubleshooting procedures, such as rebooting devices and performing initial system checks, but the problems persist.",Service Outages and Maintenance,high,"['Outage', 'Disruption', 'Performance', 'IT', 'Tech Support']"
6,"Dear Support Team,I am reporting a recurring issue with the Laser Printer when printing from MacBook Pros running macOS 15. Several team members have recently encountered this problem, which appears to be connected to the latest macOS 15 system updates.We believe the root cause might be a driver compatibility issue due to the updated operating systems or printer firmware. To troubleshoot, we have restarted the printers and MacBook devices, reinstalled the printer drivers, and verified configurations.",Technical Support,medium,"['Network', 'Hardware', 'Performance', 'Bug', 'Compatibility']"
7,"Customer Support,We are encountering a disruption in VPN-router connectivity that is impacting several devices, notably essential remote telemedicine systems and EMR integrations. Attempts to resolve the issue by restarting affected devices and resetting the router have been unsuccessful. We suspect the problem may be related to firmware discrepancies following recent network configuration updates. This disruption is significantly affecting our operations, and we urgently need assistance to identify and fix the root cause. Kindly advise on additional troubleshooting steps.",Product Support,medium,"['Network', 'Disruption', 'VPN', 'Tech Support']"
8,"Dear Customer Support Team,I am submitting a report regarding a technical problem encountered with the Cloud SaaS platform, which is currently disrupting our business activities. I have observed that certain features are not functioning as expected, causing interruptions that hinder workflow efficiency.In particular, I am facing sporadic connectivity issues when trying to access the platform. Sometimes, the system fails to load the dashboard, and the data displayed appears outdated or incomplete. Furthermore, the response times for executing commands have significantly increased, resulting in delays.",IT Support,medium,"['Bug', 'Crash', 'Network', 'Performance', 'Disruption', 'Outage']"
9,"Dear Customer Support Team,I hope this message reaches you well. I am writing to request detailed information about the services provided by your agency. Specifically, I am interested in understanding the variety of services available, the pricing models, and any special packages or offers that might be applicable.Additionally, I would appreciate it if you could send brochures, service contracts, and case studies highlighting your previous work and client success stories. This information will greatly help me in making an informed decision.",Product Support,high,"['Product', 'Service', 'Feedback', 'Sales']"
10,"Dear Customer Support Team,I hope this message reaches you well. I am reaching out to request help with a problem I am experiencing. Unfortunately, I am not entirely sure how to clearly describe the issue, which makes it difficult to specify the exact nature of the problem.When I try to use the service, I observe unexpected behavior and cannot identify the precise cause. There are error messages and notifications, which make it challenging to provide a detailed description. I have attempted basic troubleshooting steps, such as restarting the application and checking for updates.",Product Support,medium,"['Bug', 'Issue', 'Disruption', 'Support']"
11,"Dear Customer Support Team,I hope this message reaches you in good health. I am writing to request detailed information about the spectrum of products provided by your financial institution. As a potential client, I am particularly eager to learn about the features, advantages, and terms linked to your investment and savings offerings.Would you be able to send comprehensive brochures or documentation that specify the details of your products? I am interested in information regarding account types, interest rates, fees, minimum deposit amounts, and any current promotional deals.",Customer Service,medium,"['Inquiry', 'Product', 'Feature', 'Customer Support']"
12,"Dear Customer Support Team,I am reaching out to request comprehensive details on optimizing marketing workflows across multiple departments by utilizing advanced analytics, automation, and centralized account management. Our organization aims to improve campaign coordination and boost performance metrics across various marketing channels, believing that implementing such strategies will greatly enhance our overall marketing success.In particular, I would like to understand the best practices for integrating data analytics tools that offer real-time insights across different teams.",Technical Support,high,"['Feature', 'Account', 'Marketing', 'Performance', 'Automation', 'Organization']"
13,"Dear Customer Support Team,I hope this message reaches you well. I am writing to request detailed information about your marketing offerings. Our company is currently considering new marketing approaches to strengthen our brand visibility and boost customer engagement, and we are keen to understand the array of services your team provides.Specifically, I would like to learn about the various marketing packages available, including digital marketing solutions such as social media management, email marketing campaigns, and search engine optimization.",Customer Service,medium,"['Marketing', 'Feedback', 'Sales', 'Lead']"
14,"Dear Customer Support Team,I hope this message finds you well. I am reaching out to request detailed details regarding the schedule and scope of upcoming service disruptions and maintenance activities that could affect access to critical systems, particularly big data repositories, analytical models, and automated investment platforms. Understanding the timing and duration of these events is crucial for us to plan accordingly and minimize potential operational interruptions.Could you please provide a thorough overview of the planned maintenance?",Service Outages and Maintenance,medium,"['Disruption', 'Maintenance', 'Notification', 'IT', 'Tech Support']"
15,"Dear Customer Support Team,I hope this message reaches you well. I am writing to request improvements to our existing big data analytics infrastructure. Our goal is to enhance support for advanced machine learning models developed in Python, enable automated rebalancing of investment portfolios, and customize ESG (Environmental, Social, and Governance) investment strategies tailored specifically for institutional clients.At present, our system manages large data sets and aims to incorporate complex machine learning algorithms to deliver real-time analytics efficiently.",Technical Support,high,"['Product', 'Feature', 'Feedback', 'IT']"
16,"Dear Customer Support Team,I hope this message reaches you in good health. I am seeking comprehensive instructions on how to effectively integrate Seagate Expansion Desktop 6TB drives into healthcare storage solutions. My main priority is to guarantee that data management and storage procedures fully adhere to HIPAA and GDPR standards.Could you please share your suggestions for the best configuration of these drives within a healthcare setting? In particular, I am keen to learn about secure setup options that can assist in maintaining compliance.",Technical Support,high,"['Product', 'Documentation', 'Security', 'IT']"
17,"Dear Customer Support,We are encountering a problem where employees are unable to open Excel, PowerPoint, and other Office programs on MacBook Air devices, despite having valid licenses. The issue started after a recent macOS update, which we suspect may have caused compatibility problems, possibly due to expired authentication tokens.To attempt a fix, we rebooted the laptops, tried repairing Office, and re-entered Microsoft credentials. Regrettably, none of these actions resolved the issue, and the applications still cannot be accessed.We would",Human Resources,high,"['Account', 'Security', 'Compatibility', 'Tech Support']"
18,"Dear Customer Support Team,I hope this message reaches you well. I am reaching out to request detailed billing details and payment options for a QuickBooks Online subscription. Specifically, I am interested in understanding the available plans, their pricing structures, and any tailored options for institutional clients within the financial services industry. It would be helpful to receive documentation on invoicing procedures, payment timelines, discounts, and any special terms applicable to organizations like ours.Additionally, please",Billing and Payments,medium,"['Billing', 'Payment', 'Subscription', 'Product', 'Feedback']"
19,"Dear Customer Support,We are experiencing extensive connectivity problems impacting numerous devices throughout the office. The issues have been observed with headsets, printers, and workstations all at once, significantly disrupting daily activities. Our initial investigation indicates that the cause may be a network outage or a misconfiguration within the system infrastructure.Our team has already tried several troubleshooting methods, including rebooting affected devices and swapping hardware components, but unfortunately, these efforts did not resolve the disruptions.",IT Support,medium,"['Network', 'Disruption', 'Hardware', 'Tech Support']"
20,"Dear Customer Support Team,I am reaching out to report persistent issues with network connectivity that are significantly disrupting my workflow. I've observed sporadic interruptions across several devices, which I believe may be caused by a malfunctioning repeater or potential interference from other devices within the network configuration.In an attempt to resolve the problem, I have already taken several measures, such as restarting the affected equipment and repositioning the repeater to different locations within the premises. Despite these efforts, the connectivity issues persist.",Technical Support,medium,"['Network', 'Performance', 'Disruption', 'IT', 'Tech Support']"
21,"Dear Customer Support Team,I am reaching out to request help with a problem I am facing on my PC. Recently, the audio hardware is no longer being recognized by the system. Despite several troubleshooting efforts, such as reconnecting the device, updating the drivers, and restarting the computer, the issue persists. This problem has made the audio output completely unusable, impacting my ability to listen to media and participate in video calls.I have checked the Device Manager, and the audio hardware appears in the list of devices, with the connections confirmed.",Technical Support,low,"['Hardware', 'Tech Support', 'Driver', 'Audio']"
22,"Dear Customer Support Team,I hope this message reaches you in good health. I am seeking help regarding an issue with connecting my Bose headset to my QNAP NAS device. Despite numerous efforts to establish a reliable connection, I am unable to get the headset to function correctly with the NAS, which is causing considerable disruptions to my daily activities.I have verified that both devices are running the latest firmware and software updates. I also attempted to reconnect and restart the devices multiple times,",Technical Support,medium,"['Product', 'Hardware', 'Network', 'Disruption', 'Support']"
23,"Currently facing sporadic connectivity difficulties with the cloud-native SaaS system. The suspected reason appears to be linked to orchestration resource distribution within Kubernetes-managed microservices. After restarting the affected services and examining deployment logs, the issue continues. Further investigation and escalation are required to resolve this matter swiftly.",Customer Service,medium,"['Network', 'Performance', 'Outage', 'Disruption', 'Tech Support']"
24,"Customer Service, I am reaching out to report an issue with the billing payment process on my account. Recently, there have been inconsistencies in the billed amounts and delays in confirming payments. This problem is causing inconvenience, and I would be grateful for quick support to resolve it. Please inform me if you need further details from my side to examine the matter. Thank you for your understanding and assistance.",Billing and Payments,medium,"['Billing', 'Payment', 'Account', 'Assistance']"
25,"Dear Customer Support Team,I hope this message finds you well. I am reaching out to request detailed documentation related to the CI/CD pipeline employed in the current project. Comprehensive information on setup procedures, configurations, and best practices would be immensely helpful for our development team to optimize workflows and ensure seamless deployment processes.In particular, I am interested in understanding the steps involved in the pipeline, the tools and technologies integrated, as well as recommended guidelines for maintenance and troubleshooting. Additionally, if there are sample configuration templates available, please share those as well.",Technical Support,low,"['Documentation', 'Feature', 'IT', 'Tech Support']"
26,"Dear Customer Support Team,I hope this message finds you well. I am writing to report an ongoing issue with the connection of my smart device within the system. Over the past few days, I have encountered frequent disruptions that have significantly compromised the device's ability to stay connected to the network consistently.Initially, the device functioned perfectly and integrated smoothly with the system. However, lately, it has been disconnecting sporadically without any clear reason. This connectivity failure is affecting the overall performance and usability of the device.",Customer Service,low,"['Network', 'Disruption', 'Connectivity', 'Tech Support']"
27,"Dear Customer Support Team,I hope this message reaches you well. I am reaching out to request detailed information about the billing procedure. The customer wishes to gain a clearer understanding of how billing is managed from beginning to end, including critical dates, charges, accepted payment options, and the handling of adjustments or disputes.In particular, I am interested in understanding the timeline of billing cycles, when invoices are issued and sent, and the expected deadlines for payments. Additionally, it would be helpful to know about any penalties for late payments.Thank you for your assistance.",Billing and Payments,low,"['Billing', 'Payment', 'Dispute', 'Documentation']"
28,"Dear Customer Support Team,We are facing repeated system failures that are significantly impairing EMR/PACS integrations as well as telemedicine platforms. Despite our prompt attempts to restart the affected equipment and activate incident response procedures, the problems persist and continue to interfere with essential healthcare functions.Our preliminary investigations indicate that the underlying issues might be related to hardware malfunctions or possible security breaches. We have taken immediate measures to isolate the affected areas, but the systems are still not stable.",Technical Support,high,"['Bug', 'Outage', 'Disruption', 'Emergency', 'Tech Support']"
29,"Dear Customer Support Team,I am urgently reporting a series of severe outages impacting several key devices critical to our operations. These disruptions are severely hindering our ability to maintain normal business activities and demand immediate intervention.The affected devices include network switches, corporate laptops, and vital cloud-based software applications. The issues seem to originate from a potential infrastructure fault, and initial troubleshooting has involved hardware resets.",Technical Support,high,"['Outage', 'Disruption', 'Equipment', 'Hardware', 'Tech Support']"
30,"Dear Customer Support Team,I am reaching out to request an update on the structural details of our organization. The current records reflect information about the marketing agency, which has recently experienced several significant changes. To ensure our records accurately depict the current operations, I would appreciate your assistance in updating the information.First, I would like to clarify the refined roles within the various departments of the agency. Each department now has clearly defined responsibilities aimed at enhancing efficiency and accountability. For instance, the Creative Department is now dedicated solely to content creation.",General Inquiry,medium,"['Organization', 'Feedback', 'Support', 'Documentation']"
31,"Dear Customer Support,I am looking for comprehensive instructions on how to configure and integrate the Smart Water Leak Detectors within a healthcare setting. Specifically, I require details on compliance considerations connected to EMR and PACS systems to guarantee continuous monitoring. Any technical documentation or best practices to facilitate the integration process would be highly valued.Thank you for your assistance.Best regards,[Your Name]",Product Support,high,"['Product', 'Feature', 'Documentation', 'Tech Support']"
32,"Dear Customer Support Team,I hope this message finds you well. I am currently in the process of integrating the Smart-TÃ¼rklingel video doorbells with Google Nest Wifi Routers into our existing Data Engineering infrastructure. Our objective is to enable secure, real-time analytics and automated monitoring to improve operational efficiency and security.We would greatly value comprehensive guidance on the integration process, including suggested APIs, security measures, and configuration options to ensure smooth data transmission.",Technical Support,medium,"['Feature', 'Security', 'IT', 'Tech Support']"
33,"Dear Customer Support,I have recently been notified of attempts at unauthorized entry into my IoT gadgets. This has raised significant worries about the security of my home network. I would be grateful for immediate help in examining this issue to ensure my devices are fully secured. Please advise on additional security protocols I can implement and keep me informed about any updates related to this problem. Thank you for your swift response to this urgent security matter.Sincerely,[Your Name]",Customer Service,low,"['Security', 'IT', 'Tech Support', 'Alert']"
34,"Dear Support Team,We are currently experiencing several disruptions across our products, which are affecting scanning capabilities, device connections, and access to cloud functionalities. These issues seem to be linked to a failure in the Kubernetes orchestration CI/CD pipeline. We have attempted to resolve the problem by restarting services and redeploying the impacted pods, but the issues continue. We urgently require assistance to identify and address the root cause to restore full service operation.Thank you for your prompt attention to this matter.",Technical Support,high,"['Disruption', 'Service', 'Product', 'Network', 'Cloud', 'IT']"
35,"Dear Customer Service Team,I am reaching out to request modifications to the marketing firm's framework. I wish to incorporate new technologies to broaden our existing offerings, including data-centric analytics, video production, and user experience design. Furthermore, improving account management features is a priority to better assist our clients. Our goal is to adopt growth hacking tactics centered on emerging platforms to remain competitive and innovative. Kindly inform us of the necessary procedures to implement these updates and available support options.",Customer Service,high,"['Feedback', 'Documentation', 'Product', 'Technology']"
36,"Dear Support Team,I hope this message reaches you well. I am reaching out to request comprehensive details about customized rule-driven investment methods, with a specific focus on integrating ESG (Environmental, Social, Governance) analytics alongside Python-based machine learning models. Our organization is exploring sophisticated investment solutions tailored for institutional clients and high-net-worth individuals, and we believe your expertise could align well with our strategic objectives.Could you kindly provide this information?",Returns and Exchanges,medium,"['Feature', 'Security', 'IT', 'Tech Support']"
37,"Dear Customer Support Team,I am submitting a report about a critical issue in the server room that demands immediate action. There are severe overheating problems, seemingly caused by a malfunctioning PC fan (PC-LÃ¼fter). Despite attempts to control the situation, the issue persists, leading to increased temperatures that could potentially harm the hardware.To resolve this, I have already tried several restart cycles and performed basic cleaning to remove dust accumulation. However, the problem remains unresolved.",IT Support,high,"['Hardware', 'Performance', 'Disruption', 'Recovery']"
38,"Dear Support Team,I hope this message reaches you well. I am reaching out to request assistance with several configuration modifications and integrations that are essential for enhancing our workflow efficiency and promoting better collaboration across departments.Firstly, I need to update the Outlook 2021 settings to better match our current communication needs. This involves configuring shared calendars, refining email rules, and adding relevant extensions to facilitate smoother team interactions.Additionally, I am interested in implementing new features or tools, and I would appreciate your guidance on this matter.",Technical Support,high,"['Feature', 'IT', 'Tech Support', 'Configuration']"
39,"Dear Customer Support Team,I hope this message reaches you in good health. I am reaching out to request in-depth information about the investment methods offered by your firm. As I explore options to enhance my portfolio, it is essential to understand the various strategies and techniques used to oversee investments.Could you kindly share detailed insights into your investment approaches, including risk analysis, distribution of assets, and anticipated yields? Furthermore, information on strategies designed for different investor profiles would be highly valuable.Thank you.",Customer Service,low,"['Finance', 'Investment', 'Customer Support', 'Information']"
40,"Dear Customer Support,I hope this message reaches you in good health. I am reaching out to inquire about your investment offerings, particularly those that integrate real-time data analysis and automated rebalancing systems. Could you kindly provide comprehensive details about the investment products that utilize cutting-edge technologies?Furthermore, I am interested in understanding the procedures, especially how they benefit high-net-worth institutional clients. Insights into how real-time analytics improve decision-making and how automated rebalancing helps maintain portfolio alignment with investment objectives would be especially helpful.Thank you for your assistance.",Customer Service,medium,"['Product', 'Feature', 'Feedback', 'IT']"
41,"Dear Customer Support Team,I hope this message reaches you well. I am seeking detailed information about the available documentation, support tools, and procedures for connecting the SaaS platform with external devices and third-party services listed within the product environment.As our organization aims to improve operational efficiency through platform integration, it is essential for us to fully understand the possibilities and limitations. We are particularly interested in official manuals, API documentation, SDKs, and developer resources.",Customer Service,medium,"['Documentation', 'Support', 'Integration', 'Tool', 'Platform']"
42,"Dear Customer Support,I am submitting a report concerning errors in the latest billing statement. It seems that the automated billing system may have incorrectly allocated hardware purchases among different departmental accounts. I have meticulously examined the transaction logs and verified the internal financial records; however, the inconsistencies remain. This issue is causing confusion in financial reporting and requires immediate attention to ensure billing accuracy.Could you please look into this matter and provide a solution at your earliest convenience?Thank you for your assistance.Best regards",Billing and Payments,medium,"['Billing', 'Account', 'Hardware', 'Discrepancy']"
43,"Dear Customer Support Team,I hope this message reaches you well. I am writing to request a comprehensive explanation of the compliance procedures related to your services. Our goal is to ensure that our operations fully meet the specified requirements by understanding the exact procedures, necessary documentation, and associated timelines involved in the compliance process.Specifically, I would like to gain a deeper understanding of the following points:1. A complete list of compliance obligations that need to be satisfied.2. Recommended templates or formats for documentation.",Customer Service,low,"['Compliance', 'Documentation', 'Process', 'Support']"
44,"Customer Service Team,We are facing concurrent failures in several office gadgets. The problem seems linked to a network disruption causing synchronization issues with cloud services. We've already attempted restarting the devices and checked physical connections, but the issue persists. This disruption is greatly affecting our daily workflow, and we urgently need help to identify and fix the underlying problem. Kindly advise on the next steps and let us know if additional details are required from our side.Thank you.",Technical Support,high,"['Hardware', 'Network', 'Disruption', 'Maintenance']"
45,"Dear Support Team,I am writing to report a critical problem affecting several linked healthcare devices on our network. These devices are currently facing severe connectivity and performance issues, which are disrupting our daily activities. I suspect that recent updates to security policies or modifications to network configurations may be the cause.In an effort to resolve the issue, I have already restarted the affected equipment and thoroughly reviewed the network settings; however, the problem continues without any improvement.",IT Support,medium,"['Network', 'Connectivity', 'Performance', 'Security', 'Hardware']"
46,"Dear Support Team,We are currently facing multiple essential hardware failures that are significantly disrupting our live analytics rebalancing processes. Despite performing reboots on key systems and initial troubleshooting steps involving hardware and software adjustments, the devices remain unresponsive. We suspect the root cause may be linked to a network configuration issue. We urgently need your help to diagnose and resolve this problem to prevent further operational disruptions. Please advise on the next steps to fully restore our systems.",Technical Support,high,"['Network', 'Hardware', 'Outage', 'Disruption', 'Recovery']"
47,"Customer Support,I am facing difficulties with the centralized account administration process. Although the features seem to be functioning normally, there are delays and confusion when handling several accounts simultaneously. Could you kindly look into this matter and offer advice on how to fix it? Your prompt help would be highly valued.Thanks for your support.Best regards,[Your Name]",Product Support,medium,"['Account', 'Support', 'Feedback', 'Documentation']"
48,"Dear Customer Support,I am reaching out to report an issue related to device incompatibility with healthcare software systems. Recently, I tried to integrate a device with various healthcare software platforms, but unfortunately, I faced ongoing issues that prevent the device from functioning correctly. Despite following the recommended setup procedures and updating the device firmware to the latest version, the software does not recognize or communicate with the device effectively.This incompatibility is affecting my ability to use essential healthcare applications that are critical for my operations.",Customer Service,medium,"['Product', 'Hardware', 'Software', 'Compatibility', 'Tech Support']"
49,"Dear Customer Support Team,I am seeking help regarding my QNAP NAS device, which has recently been facing serious issues with data access due to connectivity problems. Over the past few days, I have experienced frequent disconnections, making it difficult to access stored files and significantly disrupting my workflow.Initially, the device was operating normally, but the network connection now appears unreliable. I have attempted multiple reboots of the NAS and the network router, but the issues continue. Sometimes, the NAS recognizes the computer; at other times, it does not.",Product Support,medium,"['Network', 'Disruption', 'Connectivity', 'Tech Support']"
50,"Dear Customer Support Team,I wish to urgently highlight a serious incident impacting our cloud-native SaaS environment. Since the start of the day, we've faced considerable interruptions that have greatly hampered our daily activities. The issue seems directly linked to the platform's performance and availability, warranting immediate analysis and resolution.The challenges include sporadic outages, sluggish response rates, and occasional errors when attempting to access key features.",Customer Service,high,"['Disruption', 'Performance', 'Outage', 'Cloud-Native', 'SaaS', 'IT']"
51,"Dear Customer Service Team,I hope this message reaches you in good health. I am reaching out to inquire about the support procedures for a recent purchase from your company. As a valued client, I want to ensure I understand the correct steps to follow if I encounter any problems or need help with the product.Could you please provide comprehensive details about the support process? Specifically, I would appreciate instructions on how to start a support request, expected response times, and any necessary documentation or proof required.",IT Support,high,"['Product', 'Support', 'Feedback', 'Tech Support']"
52,"Dear Support Team,We are currently facing sporadic disruptions impacting multiple products, which we believe may be related to a recent CI/CD pipeline update. This update might be affecting the orchestration of microservices and resource distribution. We have already restarted the affected services and thoroughly examined the Kubernetes logs, but the issue continues. Could you please help us in diagnosing and resolving this problem as soon as possible? Your prompt support would be highly appreciated.Best regards,[Your Name]",IT Support,medium,"['Disruption', 'Outage', 'Performance', 'Bug', 'Update', 'Microservice']"
53,"Dear Support Team,I am submitting a report concerning a significant issue impacting several crucial systems within our organization. Since last evening, we have encountered sporadic unresponsiveness across various vital platforms, including Outlook email and calendar services, as well as multiple network equipment. These disruptions are drastically hindering our daily workflow and communication.The issues observed include delays and failures in email delivery, improper synchronization of calendar events, and network device malfunctions.",Technical Support,high,"['Performance', 'Outage', 'Disruption', 'Recovery', 'IT', 'Tech Support']"
54,"Dear Support Team,I trust this message reaches you well. I am reaching out to seek comprehensive details on integrating third-party hardware components, particularly Netgear routers and Razer keyboards, within an Agile cloud-based SaaS system. My objective is to guarantee peak performance, flawless compatibility, and a seamless user experience when utilizing these devices in our operational setup.Considering the diverse range of devices involved, it is essential for us to understand the recommended strategies and configuration guidelines for the platform.",Product Support,medium,"['Product', 'Documentation', 'Tech Support']"
55,"Dear Customer Support Team,I am reaching out to urgently highlight a severe security breach impacting our telehealth systems. Recently, we detected abnormal activities that could indicate a security intrusion, potentially jeopardizing confidential patient information and hindering service operations. Due to the vital importance of telehealth services, it is crucial that this issue is addressed without delay.We kindly request a comprehensive investigation to determine the root cause and identify any vulnerabilities that may have been exploited. Furthermore, please",Technical Support,high,"['Security', 'Bug', 'Outage', 'Disruption', 'IT', 'Tech Support']"
56,"Dear Customer Support Team,I trust this message reaches you well. I am reaching out to request comprehensive instructions regarding the procedure for returning a recent purchase from your store. I want to make certain I follow all necessary steps to ensure the return is processed smoothly and efficiently.Could you please share the eligibility requirements for returns? Specifically, I am interested in understanding the time limit within which the product must be returned and any conditions the product must fulfill to be accepted.",Returns and Exchanges,high,"['Return', 'Product', 'Customer Support', 'Feedback']"
57,"Dear Customer Support Team,I hope this message reaches you well. I am writing to request detailed information about the procedures for integrating products within the platform. Our team is in the process of planning and executing an integration project, and we want to ensure we follow the recommended guidelines to achieve optimal performance and seamless operation.Could you please provide comprehensive documentation that outlines the suggested steps, common mistakes to avoid, and specific configurations essential to the integration process? Additionally,",Technical Support,medium,"['Product', 'Documentation', 'Feature', 'Tech Support']"
58,"Dear Customer Support Team,I am submitting a report regarding a service disruption affecting our cloud-based SaaS platform. We've noticed sporadic interruptions that hinder our ability to fully access the platform's features. These disruptions are causing workflow delays and impacting overall efficiency.Could you please provide an update on the current status of this issue and an estimated timeframe for resolution? Additionally, any recommended measures to reduce the impact would be greatly appreciated.Thank you for your prompt attention to this matter. I look forward to your response.",Technical Support,medium,"['Disruption', 'Outage', 'Performance', 'Feature', 'Notification', 'Tech Support']"
59,"Dear Customer Support,I am submitting a report concerning a critical problem encountered by the Creative Studio Analytics team following the latest system update. Several essential devices, such as scanners, headsets, and workstations, have ceased to function correctly. I suspect the issue may be related to driver conflicts introduced during the update.Our team has already attempted basic troubleshooting steps, including rebooting the affected systems and reinstalling drivers; unfortunately, these measures did not resolve the problem. The devices continue to be unresponsive.",IT Support,high,"['Bug', 'Hardware', 'Performance', 'Outage', 'Disruption', 'Tech Support']"
60,"Customer Support Team,I hope this message reaches you well. I am reaching out to request detailed clarification regarding my recent invoice. I observed some inconsistencies in the charges applied to my account and would appreciate your help in explaining these items. Specifically, I would like a detailed breakdown of the charges from the last billing period, including any fees or adjustments that may have been made.Additionally, could you please share information about the payment options available for settling my account? I want to ensure everything is in order for upcoming payments.",Billing and Payments,high,"['Billing', 'Invoice', 'Account', 'Support']"
61,"Dear Customer Support Team,I am looking for comprehensive instructions on how to securely connect EMR/PACS systems with IoT medical devices and telemedicine platforms. Ensuring this integration aligns with key data privacy and security standards such as HIPAA, GDPR, and ISO 27001 is essential. I would be grateful for recommended practices, protocols, and frameworks that can assist in meeting these compliance requirements efficiently. Furthermore, I seek advice on potential security vulnerabilities and strategies to mitigate associated risks during the integration process.",Technical Support,high,"['Security', 'IT', 'Tech Support', 'Documentation']"
62,"Dear Customer Support Team,I hope this message reaches you well. I am reaching out to request comprehensive information concerning the integration process with existing systems. Our organization is contemplating deploying this solution, and understanding the specifics of the integration is vital for our assessment.Could you kindly furnish detailed documentation that outlines the necessary procedures, compatibility criteria, and prerequisites for successful integration? Additionally, information about supported platforms, available APIs, and any potential limitations would be greatly valued.Should there be any particular scenarios or systems involved, please inform us accordingly.",IT Support,high,"['Product', 'Feature', 'Documentation', 'Tech Support']"
63,"Dear Support Team,We have discovered a severe disruption affecting the EMR/PACS connections, which seems to be caused by a network failure and may indicate a security compromise. Initial assessments by the SOC DevSecOps teams revealed immediate vulnerabilities. We are currently monitoring the situation closely to ensure system security and stability. We request your urgent assistance in diagnosing and resolving the problem to restore normal operations as swiftly as possible. Please keep us updated on your findings and suggested corrective measures. Your prompt response is appreciated.",Service Outages and Maintenance,high,"['Disruption', 'Network', 'Security', 'IT', 'Tech Support']"
64,"Dear Customer Support Team,I am reaching out to kindly request a brief overview of the recent event concerning the account. Gaining insight into the incident's specifics is vital for evaluating its impact and determining appropriate measures. I would be grateful if you could furnish a clear and concise summary highlighting the main points without excessive technical language.In particular, I am eager to understand the type of incident, the sequence of events, the systems or services impacted, and the steps undertaken to address the problem. Additionally,",Human Resources,medium,"['Account', 'Incident', 'Security', 'Feedback']"
65,"Dear Customer Support Team,I am writing to request comprehensive information about the billing procedures for the payment process related to Corsair Dark Core RGB Pro SE Mouse and associated products. These devices are used by institutional clients within quantitative finance settings, making it essential for us to understand the billing structure to ensure adherence to our internal accounting and procurement policies.Could you kindly provide an overview of the billing process, including available invoicing options and payment terms?",Billing and Payments,medium,"['Billing', 'Payment', 'Product', 'Documentation']"
66,"Dear Customer Support Team,I am reaching out to request detailed documentation regarding the procedures for integrating various popular hardware devices with the Agile SaaS platform. Specifically, I am interested in optimizing compatibility with VR headsets, storage devices, and wireless controllers. My objective is to ensure smooth interaction between software and hardware components, thereby improving the overall user experience and system efficiency.Could you kindly provide comprehensive guidelines, technical specifications, and recommended workflows that outline the integration process?",Technical Support,high,"['Documentation', 'Hardware', 'Tech Support', 'Product']"
67,"Dear Customer Support Team,I am submitting a report concerning a service disruption affecting our cloud-native SaaS platform. We've noticed sporadic outages that hinder full utilization of the platform's capabilities. These interruptions are causing workflow delays and impacting overall efficiency.Could you please provide an update on the current status of the problem and an estimated timeframe for resolution? Additionally, any recommended measures to reduce the impact would be appreciated.Thank you for your prompt attention to this matter. I look forward to your response.",Technical Support,medium,"['Disruption', 'Outage', 'Performance', 'Cloud', 'SaaS', 'Service']"
68,"Dear Support Team,I hope this message reaches you well. I am reaching out for help regarding an issue with my VR controller. Recently, I have been unable to synchronize the controller with my headset. Despite trying multiple times, the device does not seem to connect or sync correctly.I have attempted various troubleshooting methods, including restarting both the headset and controller, verifying firmware updates, and ensuring that the batteries are fully charged. Regrettably, none of these actions have resolved the issue. The controller simply appears in the list without pairing successfully.",Technical Support,medium,"['Hardware', 'Connectivity', 'Tech Support']"
69,"Dear Customer Support Team,I am reaching out to seek guidance on implementing vital upgrades to our infrastructure, which are crucial for advancing the company's data processing capabilities. The objectives include improving support for sophisticated data lakes, incorporating Python-based machine learning models, and deploying automated balancing engines across various divisions. These improvements aim to enhance real-time analytical functions, ESG (Environmental, Social, Governance) reporting, and automation of investment strategies.At present, our infrastructure does not support scalability.",IT Support,medium,"['Performance', 'Maintenance', 'Infrastructure', 'Technology']"
70,"Dear Customer Support,I am submitting a report regarding a major interruption currently impacting access to telehealth services. The disruption appears to originate from either a network malfunction or a possible cybersecurity event. I have already performed preliminary troubleshooting, such as confirming network connections and examining security logs, but access still remains blocked.This disruption is causing significant difficulties, hindering patients and healthcare professionals from using vital telemedicine solutions.",Service Outages and Maintenance,medium,"['Disruption', 'Network', 'Security', 'Tech Support']"
71,"Dear Customer Support Team,I hope this message reaches you well. I am seeking detailed guidance on how to safeguard telehealth systems. As telemedicine becomes an increasingly crucial aspect of healthcare delivery, prioritizing the protection and confidentiality of patient information is essential.Could you please share comprehensive recommendations and best practices to strengthen the security of telehealth platforms? I am particularly interested in understanding common vulnerabilities these systems face and effective strategies to mitigate potential threats, including the use of encryption.",Technical Support,medium,"['Security', 'IT', 'Tech Support', 'Documentation']"
72,"Dear Customer Support Team,I hope this message finds you well. I am reaching out to request comprehensive details about your support offerings, specifically related to troubleshooting integration issues across various products. I am particularly eager to understand the procedures involved in supporting software such as QuickBooks Online and Microsoft Word, as well as hardware devices and banking-compliant analytical tools.Could you please share insights into the steps and protocols your support team follows when resolving issues associated with these products? Additionally, would you mind providing information on how you approach remote diagnostics and problem resolution?",IT Support,medium,"['Product', 'Integration', 'Technical Support', 'Feedback']"
73,"Dear Customer Support,I am encountering several problems with peripheral devices and productivity applications following recent updates. The issues appear to be linked to compatibility and network connectivity. Despite restarting the devices and thoroughly checking connections, the problems continue to occur on both gaming and office hardware setups. This is significantly disrupting my workflow and productivity. Could you please assist with diagnosing and resolving these issues? Any advice on compatibility updates or network configuration changes would be greatly appreciated.Thank you for your support.Best regards,",IT Support,medium,"['Hardware', 'Performance', 'Network', 'Disruption', 'Compatibility', 'Tech Support']"
74,"Dear Customer Support Team,I hope this message reaches you well. I am reporting a critical problem with the connectivity to our big data repository. Over recent days, we have been unable to maintain stable links to the data lake, which has significantly disrupted our data processing operations and overall efficiency.The connectivity problems seem to be sporadic and are happening more frequently. At times, the connection drops unexpectedly, causing our data ingestion processes to fail partway through. I have already attempted basic troubleshooting measures.",Technical Support,medium,"['Network', 'Performance', 'Disruption', 'Outage', 'IT', 'Tech Support']"
75,"Dear Customer Support Team,I am submitting a report concerning a critical outage in the platform services that is currently hindering device connectivity throughout operations. This issue has interrupted access to the SaaS platform, greatly affecting the functionality of barcode scanners, RAID controllers, and other vital daily tools.Initial diagnostics suggest that the root cause may be linked to failures in Kubernetes orchestration. We have attempted to mitigate the problem by restarting pods and redeploying microservices, but unfortunately, these measures have not resolved the issue. The problem persists.",Technical Support,high,"['Outage', 'Disruption', 'Recovery', 'Hardware', 'Network']"
76,"Dear Customer Support Team,I am seeking comprehensive details regarding the company's products and services. Would you be able to send brochures, pricing lists, and any pertinent information? This will assist me in making an informed decision regarding possible acquisitions. Thank you for your support.Kind regards,Customer",General Inquiry,medium,"['Product', 'Documentation', 'Feedback', 'Sales']"
77,"Dear Customer Support Team,I hope this message reaches you well. I am writing to request a detailed overview of the services provided by your marketing firm. Our organization is currently examining options to improve our marketing campaigns and strategies, and we believe collaborating with a professional marketing agency could be highly advantageous.In particular, we are interested in understanding the scope of your offerings, including digital advertising, social media management, content development, SEO enhancement, and specialized marketing solutions. Additionally,",Customer Service,high,"['Marketing', 'Feedback', 'Service', 'Campaign']"
78,"Dear Customer Support,I am submitting a report regarding a billing inconsistency observed in the June invoice from the marketing firm. It seems there is an unexpected fee linked to a product package that we did not anticipate. I have carefully examined the account activity and compared it with recent invoices to confirm the charges are correct. Despite these efforts, the problem persists.We believe there might be a calculation error stemming from the automated billing system or a misassignment of the product SKU, which could have led to this discrepancy. This issue has caused some confusion and concern.",Billing and Payments,low,"['Billing', 'Refund', 'Account', 'Payment', 'Issue']"
79,"Dear Customer Support Team,I am reaching out to request detailed documentation and expert assistance for integrating the Valve Index VR Kit into an Ubuntu 20.04 operating system environment, specifically designed for healthcare infrastructure. The goal is to deploy VR technology effectively while maintaining strict adherence to essential regulatory standards such as HIPAA, GDPR, and ISO 27001.Considering the sensitive nature of patient data in healthcare settings, implementing robust security measures is crucial.",IT Support,low,"['Documentation', 'Tech Support', 'Security', 'Hardware']"
80,"Dear Customer Support,I am eager to understand the functionalities provided by the investment analysis platform. Could you please furnish comprehensive details about its primary features, data sources, and distinctive tools that set it apart from other market options? Gaining clarity on these features will help determine if the platform aligns with my investment analysis requirements. I appreciate your support and look forward to a detailed reply.Best regards,[Your Name]",Technical Support,high,"['Feature', 'Documentation', 'Feedback', 'Tech Support']"
81,"Dear Customer Support Team,I hope this message reaches you well. I am writing to draw attention to a billing irregularity observed on my account involving several devices. Over the previous billing periods, I noticed unexpected charges that correspond with the usage of the service plans I am subscribed to.In particular, it seems that charges have been applied to devices that I have long since deactivated. Additionally, there are instances of duplicate billing across multiple devices, which has caused a substantial increase in my total bill.",Billing and Payments,low,"['Billing', 'Account', 'Payment', 'Refund']"
82,"Dear Customer Support Team,I am submitting a report regarding a widespread outage impacting the SaaS platform. Several hardware and software components have been affected, with the incident possibly involving critical elements such as Kubernetes, the CI/CD pipeline, and resource allocation failures. This disruption is significantly impairing operational functions and demands prompt action.Our initial diagnostics were conducted swiftly and identified the issue; however, a solution has not yet been found. The symptoms indicate that the problem could be related to",Technical Support,high,"['Outage', 'Disruption', 'Hardware', 'Software', 'Tech Support']"
83,"Dear Customer Support Team,I am reaching out to highlight a billing inconsistency observed in a recent invoice. After examining the charges for various purchased items, I notice some discrepancies that likely need clarification. The total amount billed matches the listed prices for each product, but it appears that some items may have been charged only once.I kindly ask for a thorough review of my account and a detailed explanation of the charges applied. It would be very helpful if you could provide an itemized statement that clearly indicates the costs associated with each product.",Billing and Payments,high,"['Billing', 'Discrepancy', 'Invoice', 'Product', 'Refund']"
84,"Dear Customer Support Team,I am reaching out to request an update to the maintenance procedures and outage notification protocols for our SaaS platform. These critical processes need to be closely integrated with the workflows of our Agile teams to ensure smooth coordination and more efficient use of resources. By refining these procedures, we aim to maximize platform availability, strengthen tenant isolation measures, and enhance overall system dependability and security.Furthermore, issuing prompt and clear outage notifications is vital for maintaining user confidence.",Service Outages and Maintenance,low,"['Maintenance', 'Outage', 'Notification', 'Protocols']"
85,"Facing abnormal connectivity disruptions across several smart gadgets, such as baby monitors and health monitoring systems. Suspected unauthorized access. Preliminary containment measures have failed. Urgent support needed to address security risks.",Technical Support,medium,"['Network', 'Disruption', 'Security', 'Tech Support']"
86,"Dear Support Team,We have discovered a severe disruption affecting the EMR/PACS connections, seemingly due to a network failure that may also indicate a security breach. Preliminary assessments by the SOC DevSecOps teams revealed immediate vulnerabilities. We are continuing to monitor the situation to ensure the system's security and stability. We urgently seek your help in diagnosing and resolving the problem to restore normal operations as swiftly as possible. Kindly keep us updated on your findings and recommended measures.Thank you for promptly notifying us about this critical issue impacting EMR/PACS integration. We are escalating the matter to our network security specialists for immediate investigation. Please keep us posted on the progress and suggested actions. If possible, provide recent system logs and details of affected endpoints to assist with the analysis.",Service Outages and Maintenance,high,"['Disruption', 'Network', 'Security', 'IT', 'Tech Support']"
87,"Dear Customer Support Team,I hope this message finds you well. I am reaching out to highlight a performance problem currently affecting the Cloud SaaS platform. Over the past few days, I have observed a notable decline in responsiveness and overall speed, which is disrupting daily workflows.Specifically, tasks that normally complete within seconds are taking significantly longer, sometimes several minutes. This lag impacts individual user actions and automated processes that depend on prompt responses.",Product Support,medium,"['Performance', 'Tech Support']"
88,"Dear Customer Support Team,I am reaching out to request the return of several electronic hardware products recently bought from your store. Unfortunately, these items do not meet my expectations due to minor defects and compatibility concerns identified upon inspection.The items in question include a wireless mouse, a USB-C hub, and an external hard drive. They have been used carefully during initial setup and testing, are still in excellent condition, and come with all original packaging and accessories.I would be grateful for your assistance.",Returns and Exchanges,low,"['Return', 'Hardware', 'Product', 'Issue', 'Inspection']"
89,"Dear Customer Support Team,I hope this message finds you well. I am reaching out to inquire about the services offered by your marketing agency. We are currently looking for potential partners to help us improve our brand visibility and develop effective marketing strategies. Given the competitive landscape of our industry, it is essential for us to work with an agency that understands our objectives and can customize strategies to meet our unique requirements.Could you please provide detailed information about the range of services you offer?",Sales and Pre-Sales,low,"['Sales', 'Lead', 'Feedback', 'Marketing', 'Customer Support']"
90,"Dear Customer Support Team,I am reaching out to seek further clarification regarding the description of the recent product malfunction's impact. The information currently available is somewhat vague; I require a comprehensive explanation of how the incident influences the product's functioning and the possible outcomes for users. Gaining a complete understanding of the impact is essential for us to evaluate the situation accurately and determine suitable measures. Kindly provide additional details or documentation to help elucidate the issue.Thank you for your prompt support.Best regards,[Your Name]",Product Support,low,"['Product', 'Issue', 'Feedback', 'Support']"
91,"Dear Customer Support Team,I am submitting a report concerning a critical issue impacting several hardware and software units within the environment. Over the past few days, there have been ongoing problems with access speeds across numerous devices. These issues appear to be linked to recent adjustments in security settings made during routine updates.At first, I tried basic troubleshooting methods such as rebooting the affected units and checking network connections. Unfortunately, these efforts did not resolve the problem.",IT Support,high,"['Hardware', 'Network', 'Performance', 'Disruption']"
92,"Dear Customer Support Team,I hope this message reaches you well. I am reaching out to inquire about the current status of the service disruption affecting our operations. We have observed some interruptions and would be grateful for detailed information regarding the cause, the anticipated duration, and any scheduled maintenance activities or ongoing efforts.Knowing the estimated timeline for resolution is vital for us to plan our activities and communicate effectively with stakeholders. Could you please provide an update on which services are affected and what steps your team is undertaking?",Service Outages and Maintenance,high,"['Outage', 'Disruption', 'Maintenance', 'Recovery', 'Notification']"
93,"Dear Customer Support Team,I am submitting a report regarding a significant disturbance impacting the deployment of microservices on our SaaS platform. Over the past few hours, we've encountered sporadic failures and delays in the deployment process, which hinder our ability to release updates and maintain service standards.The problem seems linked to the deployment pipeline, with microservices either failing to start properly or not becoming fully operational within expected timeframes. Despite multiple attempts to restart and rollback, the issue persists. This disruption is affecting our service delivery.",Customer Service,low,"['Disruption', 'Microservice', 'Deployment', 'Performance']"
94,"Dear Support Team,I am reaching out to request help with a printer issue. Despite trying several solutions, the device refuses to print any documents. I have verified the connection, checked that there is enough paper and ink, and restarted both the printer and the computer, but the problem remains. This issue is hindering my ability to complete urgent tasks, and I would be grateful for any guidance to resolve it promptly.Thank you for your quick attention to this matter.Best regards,[Your Name]",Customer Service,low,"['Printer', 'Hardware', 'Issue', 'Support', 'Printer', 'Document']"
95,"Dear Customer Support,I am encountering frequent crashes with my Mac Mini, particularly when engaged in video editing activities. The crashes tend to happen during demanding tasks, leading me to suspect potential causes such as thermal throttling or overload of system resources. I have already tried reinstalling the video editing software and updating relevant drivers, but the issue persists despite these efforts.These disruptions greatly affect my workflow efficiency. Could you please assist in diagnosing the underlying cause?",Product Support,low,"['Bug', 'Crash', 'Hardware', 'Performance', 'Security', 'Technical Support']"
96,"Dear Support Team,I am reaching out to highlight an urgent problem with the automated rebalancing component within our integrated portfolio management platform. Over recent days, I've noticed unusual behaviors from the system, which have resulted in incorrect asset distributions that diverge from our established investment plans.In particular, the system seems unable to carry out scheduled rebalancing transactions, and although transactions are processed, they do not match our target asset proportions. This malfunction jeopardizes our investment outcomes and requires immediate attention.",Technical Support,medium,"['Alert', 'Disruption', 'Performance', 'Software', 'Tech Support']"
97,"Dear Customer Support Team,I trust this message reaches you well. I am writing to request comprehensive information about the Agile team setup employed within your organization. Gaining insight into how Agile groups are structured is essential for us as we consider implementing similar methodologies to enhance our project management and delivery efficiency.Specifically, I am interested in understanding the composition of these teams in terms of roles, responsibilities, team size, and the integration of cross-functional skills. Additionally, I would appreciate details on how these teams coordinate and work together.",Customer Service,low,"['IT', 'Tech Support', 'Feedback', 'Documentation']"
98,"Dear Customer Support Team,I am seeking comprehensive details concerning the security standards compliance necessary when connecting Windows-based smart medical dispensers with Electronic Medical Records (EMR), Picture Archiving and Communication System (PACS), and telehealth services. Confirming full compliance with HIPAA and GDPR is vital as our organization aims to expand our digital health infrastructure.Specifically, I would like to learn about the recommended security protocols to be applied during the integration process.",Customer Service,high,"['Security', 'Compliance', 'Hardware', 'Software', 'EMR', 'Data Privacy']"
99,"Dear Customer Support,I am encountering difficulties with multiple smart devices across various departments where their software systems are not syncing data correctly. The issue appears to originate from integration problems with different applications used by IoT devices. Despite trying standard troubleshooting measures such as rebooting devices and updating firmware to the latest versions, the problem remains unresolved.Could you please assist in diagnosing and resolving these synchronization issues? Ensuring smooth operation is essential.",IT Support,high,"['Synchronization', 'Performance', 'Software', 'Integration', 'Bug', 'Tech Support']"
100,"Dear Customer Support Team,I am reaching out to report significant performance issues with our Cloud SaaS platform. Over the recent days, system response times have escalated markedly, disrupting daily activities and impairing user experience. The slowdown is causing delays in processing essential tasks, thereby affecting our business continuity.Please prioritize this matter and investigate promptly. We would appreciate an update on the root cause and an estimated timeline for resolution, as we depend heavily on the platform and require confirmation that the issue is being addressed.",Technical Support,high,"['Performance', 'Outage', 'Disruption', 'Tech Support']"
101,"Dear Support Team,I am submitting a report concerning a significant problem impacting several hardware and software units within our environment. Over the past few days, we have noticed ongoing performance issues related to access across multiple devices. These problems appear to coincide with recent security setting adjustments made as part of our routine update processes.Initially, I carried out basic troubleshooting procedures such as rebooting the affected units and checking network connections. Regrettably, these actions did not resolve the issues.",IT Support,high,"['Network', 'Performance', 'Hardware', 'Tech Support']"
